<?xml version="1.0" encoding="UTF-8" ?>
<!DOCTYPE mapper PUBLIC "-//mybatis.org//DTD Mapper 3.0//EN" 
	"http://mybatis.org/dtd/mybatis-3-mapper.dtd">

<mapper namespace="com.ssafy.vue.model.mapper.MemberMapper">

	<select id="login" parameterType="memberDto"
		resultType="memberDto">
		select username, userid, email
		from ssafy_member
		where userid
		= #{userid} and userpwd = #{userpwd}
	</select>

	<select id="userInfo" parameterType="string"
		resultType="memberDto">
		select username, userid, email, joindate, number
		from
		ssafy_member
		where userid = #{userid}
	</select>

	<select id="getRefreshToken" parameterType="string"
		resultType="string">
		select token
		from ssafy_member
		where userid = #{userid}
	</select>

	<update id="saveRefreshToken" parameterType="map">
		update ssafy_member
		set token = #{token}
		where userid = #{userid}
	</update>

	<update id="deleteRefreshToken" parameterType="map">
		update
		ssafy_member
		set token = #{token, jdbcType=VARCHAR}
		where userid =
		#{userid}
	</update>

	<update id="modifyMember" parameterType="memberDto">
		update ssafy_member
		set
		username = #{username}, userpwd = #{userpwd}, number = #{number}
		where
		userid = #{userid}
	</update>

	<insert id="joinMember" parameterType="memberDto">
		insert into ssafy_member
		(userid, username, userpwd, email, joindate, token, number)
		values
		(#{userid}, #{username}, #{userpwd}, #{email}, now(), null, #{number})
	</insert>

	<select id="findMember" parameterType="string"
		resultType="memberDto">
		select username, userid, userpwd, email, joindate, number,
		token
		from ssafy_member
		where userid = ${userid}
	</select>


	<select id="getSecure" parameterType="string"
		resultType="secureMemberDto">
		select userid, salt, seckey
		from openeg_security
		where userid
		= #{id}
	</select>

	<insert id="secureMember" parameterType="secureMemberDto">
		insert into
		openeg_security (userid, salt, seckey)
		values (#{id}, #{salt},
		#{seckey})
	</insert>
	<delete id="deleteMember" parameterType="int">
		delete from ssafy_member
		where userid = #{userid}
	</delete>

</mapper>