<?xml version="1.0" encoding="UTF-8" ?>
<!DOCTYPE mapper PUBLIC "-//mybatis.org//DTD Mapper 3.0//EN" 
	"http://mybatis.org/dtd/mybatis-3-mapper.dtd">
	
<mapper namespace="com.ssafy.vue.model.mapper.TodoMapper">

	<insert id="writeTodo" parameterType="todoDto">
		insert into todo (userid, content, checked)
		values (#{userid}, #{content}, 0)
	</insert>
	
	<select id="listTodo" resultType="todoDto">
		select todono, userid, content, checked
		from todo
		order by todono desc
	</select>

	<delete id="deleteTodo" parameterType="int">
		delete from todo
		where todono = #{todono}
	</delete>
	
	<update id="modifyTodo" parameterType="todoDto">
		update todo
		set userid = #{userid}, content = #{content}, checked = #{checked}
		where todono = #{todono}
	</update>

</mapper>

